01|2026-04-08|https://www.instagram.com/reel/DW1EWB5DDYO/
02|2026-04-09|https://www.instagram.com/reel/DWrvVdCNSQH/
03|2026-04-15|https://www.instagram.com/reel/DWlc0ZdjMI6/
04|2026-04-18|https://www.instagram.com/reel/DXRd4EmjNYR/
05|2026-04-22|https://www.instagram.com/p/DWX1Jk1k-UK/
06|2026-04-29|https://www.instagram.com/p/DXqo18qlCRm/
07|2026-05-01|https://www.instagram.com/reel/DXy1V9Aswds/
08|2026-05-03|https://www.instagram.com/reel/DX14_SUuErL/
09|2026-05-03|https://www.instagram.com/reel/DXti35aCTby/
10|2026-05-11|https://www.instagram.com/reel/DXxL9WTgT0F/
11|2026-05-11|https://www.instagram.com/p/DXxdZlhEaj3/
12|2026-05-13|https://www.facebook.com/share/1CrY4K7dd9/
13|2026-05-16|https://www.instagram.com/reel/DXcjynCCHL0/
14|2026-05-18|https://www.instagram.com/reel/DVT_YVYklNR/
15|2026-05-15|https://www.instagram.com/p/DYWweo0CZoT/
16|2026-05-15|https://www.facebook.com/share/r/1Fw9Z6xUvy/
